SMILES,PCE,NumHAcceptors,NumHDonors,alkyl_num,frag_sym,HOMO_calc,LUMO_calc,dipole,MPI,surface_min,surface_max,TPSA,MolLogP,PSA,control_PCE,anchor_end_BA,anchor_end_CA,anchor_end_NO,anchor_end_PA,anchor_end_PO,anchor_end_SA,anchor_end_SH,anchor_end_SiO,MetalOxide_ITO,MetalOxide_NiOx,MetalOxide_SnO2,MetalOxide_TiO2,MetalOxide_ZnO
O=P(O)(O)CCn1c2ccccc2c2ccccc21,22.4,2,2,2,1,-5.665071,-1.022318,1.975439,11.42494,-38.62844,53.933991,62.46,2.9722,138.99,19.9,0,0,0,1,0,0,0,0,0,1,0,0,0
COc1ccc2c(c1)c1cc(OC)ccc1n2CCP(=O)(O)O,21,4,2,2,1,-5.146211,-1.00755,1.467697,12.116,-39.79595,52.67427,80.92,2.9894,200.02,19.9,0,0,0,1,0,0,0,0,0,1,0,0,0
COc1ccc2c(ccc3c2c2c4ccc(OC)cc4ccc2n3CCCCP(=O)(O)O)c1,25.6,4,2,4,1,-5.182687,-1.386859,2.954174,12.05384,-40.46879,51.108,80.92,6.076,287.91,20.1,0,0,0,1,0,0,0,0,0,1,0,0,0
O=S(=O)(O)c1ccccn1,16.54,3,1,0,0,-8.070575,-1.975575,6.131034,17.92665,-35.95829,45.14769,67.26,0.3283,122.3,14.65,0,0,0,0,0,1,0,0,0,0,0,1,0
O=S(=O)(O)c1cccnc1,16.88,3,1,0,0,-7.65558,-1.919355,3.424702,15.53109,-31.7079,57.5973,67.26,0.3283,107.98,14.65,0,0,0,0,0,1,0,0,0,0,0,1,0
O=C(O)c1ccccc1,18.11,1,1,0,1,-7.29672,-1.506979,1.839161,10.41554,-34.27143,47.16117,37.3,1.3848,59.22,17.19,0,1,0,0,0,0,0,0,0,0,1,0,0
O=C(O)c1ccncc1,18.77,2,1,0,1,-7.261424,-2.045861,1.894267,11.03408,-34.44694,52.84255,50.19,0.7798,66.37,17.19,0,1,0,0,0,0,0,0,0,0,1,0,0
N#Cc1ccc(C(=O)O)cc1,18.27,2,1,0,1,-7.76638,-2.49541,3.582808,13.54822,-36.46608,54.5764,61.09,1.25648,99.78,17.19,0,1,0,0,0,0,0,0,0,0,1,0,0
Nc1ccc(C(=O)O)cc1,16.5,2,2,0,1,-5.891418,-0.902184,4.129124,14.50899,-39.65044,41.1939,63.32,0.967,97.09,17.19,0,1,0,0,0,0,0,0,0,0,1,0,0
NCCC(=O)O,17.11,2,2,2,1,-6.512111,0.220541,1.436695,13.71383,-34.7477,46.16131,63.32,-0.5802,71.82,17.19,0,1,0,0,0,0,0,0,0,0,1,0,0
NCCC(=O)O,13.27,2,2,2,1,-6.512111,0.220541,1.436695,13.71383,-34.7477,46.16131,63.32,-0.5802,71.82,10.76,0,1,0,0,0,0,0,0,0,0,0,1,0
O=C(O)c1ccccc1,16.2,1,1,0,1,-7.29672,-1.506979,1.839161,10.41554,-34.27143,47.16117,37.3,1.3848,59.22,15.5,0,1,0,0,0,0,0,0,0,1,0,0,0
Nc1ccc(C(=O)O)cc1,12.8,2,2,0,1,-5.891418,-0.902184,4.129124,14.50899,-39.65044,41.1939,63.32,0.967,97.09,15.5,0,1,0,0,0,0,0,0,0,1,0,0,0
COc1ccc(C(=O)O)cc1,13.8,2,1,0,1,-6.457486,-1.169664,2.38218,11.67811,-36.5637,44.2885,46.53,1.3934,88.35,15.5,0,1,0,0,0,0,0,0,0,1,0,0,0
O=C(O)c1ccc(Cl)cc1,17.6,1,1,0,1,-7.126442,-1.721957,1.392593,8.94094,-32.05022,49.53526,37.3,2.0382,53.12,15.5,0,1,0,0,0,0,0,0,0,1,0,0,0
O=C(O)c1ccc(Br)cc1,18.4,1,1,0,1,-7.051705,-0.065122,1.399569,8.9432,-31.76457,49.85897,37.3,2.1473,54.43,15.5,0,1,0,0,0,0,0,0,0,1,0,0,0
OB(O)c1ccc(F)cc1,14.04,2,2,0,1,-6.661835,-0.662957,3.982903,12.52191,-20.77447,59.26754,40.46,-0.4945,78.44,12.49,1,0,0,0,0,0,0,0,1,0,0,0,0
OB(O)c1cc(F)cc(F)c1,15.66,2,2,0,1,-6.72655,-1.088617,4.265369,12.42975,-18.26319,62.06059,40.46,-0.3554,74.04,12.49,1,0,0,0,0,0,0,0,1,0,0,0,0
OB(O)c1cc(F)c(F)c(F)c1,13.23,2,2,0,1,-6.974557,-1.10511,5.506195,12.0761,-18.1296,63.41374,40.46,-0.2163,78.78,12.49,1,0,0,0,0,0,0,0,1,0,0,0,0
O=P(O)(O)CCCCCCI,11.04,1,2,6,1,-6.837897,-0.939914,2.083859,12.77546,-41.72126,50.08804,57.53,2.1595,156.56,11.74,0,0,0,1,0,0,0,0,0,0,0,1,0
CCCCP(=O)(O)O,11.65,1,2,4,1,-7.745075,0.876884,1.173248,11.96575,-43.60236,48.52907,57.53,0.9642,64.68,11.74,0,0,0,1,0,0,0,0,0,0,0,1,0
O=P(O)(O)CCCCI,13.83,1,2,4,1,-6.895599,-1.012052,2.063907,13.5782,-40.58477,51.23408,57.53,1.3793,134.4,11.74,0,0,0,1,0,0,0,0,0,0,0,1,0
NCCCP(=O)(O)O,13.85,2,3,3,1,-6.468058,0.813637,1.291902,15.35663,-42.33522,49.33952,83.55,-0.4871,104.75,11.74,0,0,0,1,0,0,0,0,0,0,0,1,0
O=P(O)(O)CI,15.21,1,2,1,1,-7.087901,-1.513624,0.835144,15.89139,-39.09684,55.30263,57.53,0.5566,92.19,11.74,0,0,0,1,0,0,0,0,0,0,0,1,0
O=P(O)(O)CCCC(F)(F)F,16.09,1,2,3,1,-8.000275,0.665047,2.731028,14.79612,-40.54859,52.55848,57.53,1.5066,119.73,11.74,0,0,0,1,0,0,0,0,0,0,0,1,0
COc1cc(/C=C/C(=O)OC(CC(=O)O)C(=O)O)cc(OC)c1O,20.5,7,3,0,0,-5.993646,-2.046762,7.358126,13.7118,-44.57619,58.46744,139.59,0.8937,192.57,19,0,1,0,0,0,0,0,0,0,0,0,1,0
N#C/C(=C\c1ccc(-c2cccs2)s1)C(=O)O,17.07,4,1,0,0,-6.08631,-2.940758,6.425965,12.56562,-41.08524,50.22557,61.09,3.46818,129.42,15.41,0,1,0,0,0,0,0,0,0,0,0,0,1
CC1(C)CCN2CCC(C)(C)c3cc(-c4ccc(/C=C(\C#N)C(=O)O)s4)cc1c32,18.82,4,1,0,0,-5.165128,-2.457781,9.65889,12.46693,-46.84124,44.66733,64.33,5.57568,218.99,15.41,0,1,0,0,0,0,0,0,0,0,0,0,1
O=C(O)c1ccc(C(F)(F)F)cc1,18.67,1,1,0,1,-7.774331,-2.070342,2.058822,9.71932,-29.55815,52.22006,37.3,2.4036,70.08,16.84,0,1,0,0,0,0,0,0,0,0,1,0,0
Cc1ccc(C(=O)O)cc1,17.68,1,1,0,1,-7.010005,-1.389359,2.273694,10.39089,-35.57709,45.80891,37.3,1.69322,66.01,16.84,0,1,0,0,0,0,0,0,0,0,1,0,0
O=C(O)c1cnccc1C(F)(F)F,17.75,2,1,0,0,-7.602411,-2.341027,1.684603,12.47606,-34.11404,53.50903,50.19,1.7986,90.51,16.84,0,1,0,0,0,0,0,0,0,0,1,0,0
O=S(=O)(O)c1ccc(Cl)cc1,21.8,2,1,0,1,-7.509188,-1.751571,3.501507,12.90576,-33.29385,56.77247,54.37,1.5867,97.15,19.5,0,0,0,0,0,1,0,0,0,1,0,0,0
COc1ccc(B(O)O)cc1,11.34,3,2,0,1,-5.932056,-0.324986,2.124124,13.44304,-25.81763,55.65144,49.69,-0.625,114.94,7.48,1,0,0,0,0,0,0,0,0,0,0,1,0
COc1cc(OC)cc(B(O)O)c1,10.85,4,2,0,1,-5.717955,-0.564096,4.1738,13.34195,-29.13419,58.12707,58.92,-0.6164,115.7,7.48,1,0,0,0,0,0,0,0,0,0,0,1,0
COc1cc(B(O)O)cc(OC)c1OC,10.43,5,2,0,1,-5.705587,-0.479694,4.272744,13.01917,-43.60748,57.57183,68.15,-0.6078,117.08,7.48,1,0,0,0,0,0,0,0,0,0,0,1,0
NCC(=O)O,13.14,2,2,1,1,-6.796841,0.119092,1.238987,14.73779,-35.22801,48.8338,63.32,-0.9703,70.92,10.76,0,1,0,0,0,0,0,0,0,0,0,1,0
C[C@H](N)C(=O)O,14.22,2,2,1,0,-6.607128,0.023966,1.482429,12.58423,-33.34708,48.18131,63.32,-0.5818,62.64,10.76,0,1,0,0,0,0,0,0,0,0,0,1,0
NCCCCC(=O)O,11.72,2,2,4,1,-6.349085,0.182776,2.53006,12.58813,-38.95835,46.91943,63.32,0.2,90.71,10.76,0,1,0,0,0,0,0,0,0,0,0,1,0
O=C(O)c1ccsc1,21.2,2,1,0,0,-6.984313,-1.356977,1.606405,10.63053,-34.41696,47.3162,37.3,1.4463,57.12,19.8,0,1,0,0,0,0,0,0,0,0,0,1,0
O=P(O)(O)CCCCN1c2ccc(Br)cc2Oc2cc(Br)ccc21,23.66,3,2,4,1,-5.22948,-0.995949,3.893534,11.29404,-38.76406,52.89562,70,5.4133,179.51,20.55,0,0,0,1,0,0,0,0,0,1,0,0,0
O=C(O)CN(CCN(CC(=O)O)CC(=O)O)CC(=O)O,21.6,6,4,1,0,-5.734971,0.018503,2.0976,14.60848,-37.38109,49.23754,155.68,-2.0712,176.57,18.93,0,1,0,0,0,0,0,0,0,0,1,0,0
O=C(O)CN(CCN(CC(=O)O)CC(=O)O)CC(=O)O,20.39,6,4,1,0,-5.734971,0.018503,2.0976,14.60848,-37.38109,49.23754,155.68,-2.0712,176.57,18.79,0,1,0,0,0,0,0,0,0,0,0,0,1
O=P(c1ccccc1)(c1ccccc1)c1ccccc1,20.69,1,0,0,1,-7.004754,-1.037784,3.8603,9.74821,-49.89667,16.66782,17.07,3.326,124.65,19.01,0,0,0,0,1,0,0,0,0,0,1,0,0
CCO[Si](CCCN)(OCC)OCC,17.03,4,1,3,1,-6.235686,1.247911,1.665693,6.86841,-40.22922,21.77645,53.71,1.3836,56.75,14.69,0,0,0,0,0,0,0,1,0,0,1,0,0
NCCc1ccc(O)c(O)c1,16.65,3,3,2,0,-5.629067,-0.019791,3.517359,11.8846,-37.50858,55.69695,66.48,0.599,95.16,14.05,0,0,1,0,0,0,0,0,0,0,1,0,0
OCCNCCO,15.9,3,3,2,1,-5.737593,1.3017,1.457171,11.08371,-33.86006,41.08512,52.49,-1.4394,58.86,11.47,0,0,1,0,0,0,0,0,0,1,0,0,0
O=S(=O)([O-])CCC[n+]1ccccc1,21.43,3,0,3,1,-5.666587,-2.41466,10.280853,26.36403,-61.81134,39.01268,61.08,-0.0906,175.13,19.63,0,0,0,0,0,1,0,0,0,0,1,0,0
NCCO,16.3,2,2,2,1,-6.191948,1.306303,0.839986,11.61192,-39.77794,41.94646,46.25,-1.0626,43.84,12.8,0,0,1,0,0,0,0,0,0,0,0,1,0
NS(=O)(=O)c1cc(C(=O)O)ccc1Cl,25.32,3,2,0,0,-7.397986,-2.103406,3.544742,14.6946,-35.78387,53.45589,97.46,0.6856,119.62,23.75,0,1,0,0,0,0,0,0,0,0,0,1,0
N#C/C(=C\c1ccc(O)cc1)C(=O)O,23.02,3,2,0,0,-6.703703,-2.728762,6.343675,14.8121,-39.78824,64.8047,81.32,1.38378,119.03,21.26,0,1,0,0,0,0,0,0,0,0,1,0,0
Nc1n[nH]cc1C(=O)O,24.71,3,3,0,0,-5.72734,-0.667458,2.448948,15.89321,-34.74231,47.28162,92,-0.3099,92.52,22.89,0,1,0,0,0,0,0,0,0,0,1,0,0
N#C/C(=C\c1ccc(-c2ccc(-c3ccc(N(c4ccccc4)c4ccccc4)cc3)c3nsnc23)cc1)C(=O)O,23.48,6,1,0,0,-5.321591,-3.025292,5.476426,8.73501,-39.13829,49.72597,90.11,8.48668,185.2,22.16,0,1,0,0,0,0,0,0,0,1,0,0,0
OB(O)c1ccc(I)cc1,22.91,2,2,0,0,-6.382406,-0.998106,4.311716,11.67398,-19.52881,60.52804,40.46,-0.029,91.12,20.04,1,0,0,0,0,0,0,0,0,1,0,0,0
OB(O)c1ccccc1I,21.81,2,2,0,0,-6.762661,-1.231503,0.926012,8.47821,-23.39947,40.7957,40.46,-0.029,58.66,20.04,1,0,0,0,0,0,0,0,0,1,0,0,0
O=S(=O)(O)c1ccccc1I,21.37,2,1,0,0,-7.23404,-1.755012,4.808819,13.68364,-33.91239,42.70294,54.37,1.5379,111.84,20.04,0,0,0,0,0,1,0,0,0,1,0,0,0
O=C(O)c1ccccc1I,20.77,1,1,0,0,-7.217721,-1.796392,4.653361,12.31253,-41.30111,30.32329,37.3,1.9894,91.45,20.04,0,1,0,0,0,0,0,0,0,1,0,0,0
CCOC1=C(O)C(=O)O[C@@H]1[C@@H](O)CO,23.43,6,3,0,0,-6.113971,-0.702201,5.742655,17.18175,-41.38529,50.40166,96.22,-0.9289,164.11,20.95,0,0,1,0,0,0,0,0,0,0,1,0,0
O=C(O)C(=O)O,22.91,2,2,0,1,-8.186258,-2.35938,0,16.77886,-25.96207,48.71585,74.6,-0.8444,71.04,21.2,0,1,0,0,0,0,0,0,0,0,1,0,0
O=C(O)CC(=O)O,22.41,2,2,1,1,-7.847118,-0.200495,2.338908,17.30172,-33.47507,52.31433,74.6,-0.4543,91.04,21.2,0,1,0,0,0,0,0,0,0,0,1,0,0
O=C(O)CCC(=O)O,21.81,2,2,2,1,-7.720123,-0.084857,0.7051,14.5784,-31.33403,48.92321,74.6,-0.0642,91.42,21.2,0,1,0,0,0,0,0,0,0,0,1,0,0
N=C(N)NCC(=O)O,24.7,2,4,2,0,-5.983251,-0.15977,4.217769,17.7853,-49.21478,52.88897,99.2,-1.44593,104.93,22.6,0,1,0,0,0,0,0,0,0,0,1,0,0
N[C@@H](Cc1c[nH]cn1)C(=O)O,21.04,3,3,0,0,-6.523852,0.097106,8.087402,17.67823,-49.39487,56.17143,92,-0.6359,109.98,20.05,0,1,0,0,0,0,0,0,0,0,1,0,0
NCC(=O)O,20.68,2,2,1,1,-6.796841,0.119092,1.238987,14.73779,-35.22801,48.8338,63.32,-0.9703,70.92,18.82,0,1,0,0,0,0,0,0,0,0,1,0,0
CO[Si](CCCI)(OC)OC,21.44,3,0,3,1,-6.68365,-0.775612,3.615849,9.28994,-24.76018,15.52877,27.69,1.6896,124.6,20.15,0,0,0,0,0,0,0,1,0,0,1,0,0
CCC[Si](OC)(OC)OC,20.19,3,0,3,1,-7.402452,1.242785,1.419746,6.59395,-28.30093,12.58998,27.69,1.2745,35.4,20.15,0,0,0,0,0,0,0,1,0,0,1,0,0
O=C(O)c1ccc(S)cc1,14.11,2,2,0,1,-6.356329,-1.51276,1.209938,10.75224,-34.3331,46.83899,37.3,1.6735,71.01,13.18,0,1,0,0,0,0,0,0,0,0,0,1,0
O=C(O)CCS,13.45,2,2,2,1,-6.445326,0.007638,0.794582,12.42605,-30.95237,49.75872,37.3,0.3909,79.15,13.18,0,1,0,0,0,0,0,0,0,0,0,1,0
O=C(O)CCCCCCS,11.8,2,2,6,1,-6.267196,0.173568,0.818868,10.65589,-33.96118,47.09675,37.3,1.9513,89.4,13.18,0,1,0,0,0,0,0,0,0,0,0,1,0
O=C(O)CCCCCCCCCCCS,10.32,2,2,11,1,-6.23452,0.218299,2.854859,8.37899,-35.03858,46.36071,37.3,3.9018,82.74,13.18,0,1,0,0,0,0,0,0,0,0,0,1,0
O=C(O)c1ccncc1,18.9,2,1,0,1,-7.261424,-2.045861,1.894267,11.03408,-34.44694,52.84255,50.19,0.7798,66.37,14.65,0,1,0,0,0,0,0,0,0,0,0,1,0
O=C(O)c1ccc(Cl)cc1,21.35,1,1,0,1,-7.126442,-1.721957,1.392593,8.94094,-32.05022,49.53526,37.3,2.0382,53.12,20.3,0,1,0,0,0,0,0,0,0,0,0,1,0
COc1ccc(C(=O)O)cc1,20.73,2,1,0,1,-6.457486,-1.169664,2.38218,11.67811,-36.5637,44.2885,46.53,1.3934,88.35,20.3,0,1,0,0,0,0,0,0,0,0,0,1,0
NCCC(=O)O,19.43,2,2,2,1,-6.512111,0.220541,1.436695,13.71383,-34.7477,46.16131,63.32,-0.5802,71.82,20.3,0,1,0,0,0,0,0,0,0,0,0,1,0
CO[Si](CCCN)(OC)OC,12.7,4,1,3,1,-6.238968,1.260305,1.793316,8.5172,-40.26079,21.84979,53.71,0.2133,65.31,9.9,0,0,0,0,0,0,0,1,0,0,0,1,0
CCCCCCN1c2ccc(-c3ccncc3)cc2Sc2cc(-c3ccncc3)ccc21,16.25,4,0,0,0,-5.304664,-1.681424,5.233214,9.4141,-39.37277,24.93335,29.02,7.9936,186.65,12.53,0,0,1,0,0,0,0,0,0,1,0,0,0
CCCCCCN1c2ccc(-c3ccc(-c4ccncc4)c4nsnc34)cc2Sc2cc(-c3ccc(-c4ccncc4)c4nsnc34)ccc21,17,10,0,0,0,-4.982626,-2.676409,2.01658,8.10936,-26.72187,21.35134,80.58,11.337,219.17,12.53,0,0,1,0,0,0,0,0,0,1,0,0,0
c1ccc(-c2ccccn2)nc1,16.53,2,0,0,1,-6.736539,-1.439881,2.9707,11.34624,-56.23834,19.00125,25.78,2.1436,87.64,15.86,0,0,1,0,0,0,0,0,0,1,0,0,0
CO[Si](CCC(F)(F)F)(OC)OC,19.58,3,0,2,1,-7.696207,1.011394,3.90802,9.67424,-22.2132,16.72434,27.69,1.8169,123.47,17.98,0,0,0,0,0,0,0,1,0,1,0,0,0
CCO[Si](CCCN)(OCC)OCC,20.21,4,1,3,1,-6.235686,1.247911,1.665693,6.86841,-40.22922,21.77645,53.71,1.3836,56.75,18.71,0,0,0,0,0,0,0,1,0,1,0,0,0
SCCS,19.65,2,2,2,1,-6.37521,0.129938,0.0039,10.08365,-19.01036,22.24629,0,0.846,68.42,16.51,0,0,0,0,0,0,1,0,0,0,0,0,1
NCCC(=O)O,15.67,2,2,2,1,-6.512111,0.220541,1.436695,13.71383,-34.7477,46.16131,63.32,-0.5802,71.82,11.96,0,1,0,0,0,0,0,0,0,0,0,0,1
NCCC(=O)O,11.6,2,2,2,1,-6.512111,0.220541,1.436695,13.71383,-34.7477,46.16131,63.32,-0.5802,71.82,9.7,0,1,0,0,0,0,0,0,0,0,0,0,1
Nc1ccc(C(=O)O)cc1,10.58,2,2,0,1,-5.891418,-0.902184,4.129124,14.50899,-39.65044,41.1939,63.32,0.967,97.09,9.63,0,1,0,0,0,0,0,0,0,0,0,1,0
N#CC(C#N)=c1c(F)c(F)c2c(F)c(=C(C#N)C#N)c(F)c(F)c2c1F,20.86,4,0,0,0,-7.312796,-5.47691,0.000224,16.62616,-27.73086,40.54127,95.16,2.07012,195.4,19.69,0,0,1,0,0,0,0,0,0,1,0,0,0
CCO[Si](CCCN)(OCC)OCC,20.32,4,1,3,1,-6.235686,1.247911,1.665693,6.86841,-40.22922,21.77645,53.71,1.3836,56.75,18.3,0,0,0,0,0,0,0,1,0,0,0,1,0
O=C(O)c1ccc(Cl)cc1,18.43,1,1,0,1,-7.126442,-1.721957,1.392593,8.94094,-32.05022,49.53526,37.3,2.0382,53.12,17.46,0,1,0,0,0,0,0,0,0,0,0,1,0
O=C(O)c1ccccc1,17.9,1,1,0,1,-7.29672,-1.506979,1.839161,10.41554,-34.27143,47.16117,37.3,1.3848,59.22,17.46,0,1,0,0,0,0,0,0,0,0,0,1,0
Nc1ccc(C(=O)O)cc1,16.22,2,2,0,1,-5.891418,-0.902184,4.129124,14.50899,-39.65044,41.1939,63.32,0.967,97.09,17.46,0,1,0,0,0,0,0,0,0,0,0,1,0
O=C(O)c1ccc([N+](=O)[O-])cc1,14.62,3,1,0,1,-8.044581,-3.018519,3.681858,13.57203,-29.69536,55.56308,80.44,1.293,103.37,17.46,0,1,0,0,0,0,0,0,0,0,0,1,0
O=P(O)(O)Cc1ccc(Br)cc1,12.7,1,2,1,1,-6.591401,-0.750235,0.76251,12.98488,-40.55857,51.63882,57.53,2.1268,116.05,11.2,0,0,0,1,0,0,0,0,0,1,0,0,0
COc1ccc(P(=O)(O)O)cc1,12.08,2,2,0,1,-6.494416,-0.746027,3.719136,14.06089,-45.87441,49.0242,66.76,0.4982,116.54,17.02,0,0,0,1,0,0,0,0,0,1,0,0,0
O=P(O)(O)c1ccccc1,15.35,1,2,0,1,-7.324153,-1.0694,2.101104,13.29871,-43.72806,51.04584,57.53,0.4896,88.78,17.02,0,0,0,1,0,0,0,0,0,1,0,0,0
N#Cc1ccc(P(=O)(O)O)cc1,18.45,2,2,0,1,-7.756025,-2.208901,4.031949,15.19361,-37.54742,57.83996,81.32,0.36128,116.42,17.02,0,0,0,1,0,0,0,0,0,1,0,0,0
NCP(=O)(O)O,23.99,2,3,1,1,-6.562492,0.609072,1.90102,16.93497,-42.38545,52.30655,83.55,-0.9197,85.95,22.72,0,0,0,1,0,0,0,0,0,0,1,0,0
NCC(=O)O,23.56,2,2,1,1,-6.796841,0.119092,1.238987,14.73779,-35.22801,48.8338,63.32,-0.9703,70.92,22.72,0,1,0,0,0,0,0,0,0,0,1,0,0
CO[Si](CCCS)(OC)OC,16.5,4,1,3,1,-6.143101,0.835353,2.580468,8.91314,-26.92065,17.17041,27.69,1.1844,85.64,14.36,0,0,0,0,0,0,0,1,0,0,0,1,0
COC(=O)CP(=O)(OCC(F)(F)F)OCC(F)(F)F,24.26,5,0,0,0,-8.126163,-0.406745,2.842595,11.46708,-36.8908,25.36598,61.83,2.5103,133.96,21.94,0,0,1,0,0,0,0,0,0,0,1,0,0
OCC(F)(F)F,22.99,1,1,1,1,-8.170442,0.791538,3.266375,15.86839,-28.58316,53.59922,20.23,0.541,78.72,21.94,0,0,1,0,0,0,0,0,0,0,1,0,0
COC(C)=O,23.55,2,0,0,0,-7.493682,0.273123,1.775334,11.50882,-36.59872,15.83471,26.3,0.1793,56.26,21.94,0,0,1,0,0,0,0,0,0,0,1,0,0
O=P(O)(O)O,22.9,1,3,0,1,-8.101561,0.344698,3.1104,21.41101,-43.96167,57.23893,77.76,-0.9286,72.8,21.94,0,0,0,1,0,0,0,0,0,0,1,0,0
COc1ccc(N(c2ccc(OC)cc2)c2ccc(-c3cc4c(cc(-c5ccc(N(c6ccc(OC)cc6)c6ccc(OC)cc6)cc5)n4-c4cc(F)c(F)c(F)c4)n3-c3cc(F)c(F)c(F)c3)cc2)cc1,24,8,0,0,0,-4.706651,-1.273565,0,7.64798,-24.32436,20.50514,53.26,15.5638,255.7,22.2,0,0,1,0,0,0,0,0,0,1,0,0,0
NCc1cccs1,20.4,2,1,2,0,-6.097532,-0.296762,1.343546,9.79352,-32.09147,27.20126,26.02,1.2068,64.37,17.6,0,0,1,0,0,0,0,0,0,1,0,0,0
Cc1ccc2c(c1)c1cc(C)ccc1n2CCCCP(=O)(O)O,22.6,2,2,4,1,-5.378899,-0.906493,1.684463,10.50495,-41.07302,50.48756,62.46,4.36924,164.24,22.2,0,0,0,1,0,0,0,0,0,1,0,0,0
NC12CC3CC(C1)CC(O)(C3)C2,22.21,2,2,0,0,-6.31522,0.96297,2.246176,9.17935,-38.38046,37.84767,46.25,1.0288,56.18,19.62,0,0,1,0,0,0,0,0,0,1,0,0,0
NC(=O)CNCCS(=O)(=O)O,22.65,4,3,2,1,-6.473761,0.357154,4.633114,18.40192,-35.84817,53.46291,109.49,-2.0509,153.3,20.21,0,0,0,0,0,1,0,0,0,0,1,0,0
COc1ccc(NC(C)=O)c([N+](=O)[O-])c1,22.63,4,1,0,0,-6.230089,-2.757983,1.510021,11.44582,-34.47647,25.98267,81.47,1.5618,127.55,20.2,0,0,1,0,0,0,0,0,0,0,1,0,0
CCOC(=O)c1ccc([N+](=O)[O-])cc1,23.16,4,0,0,0,-7.937877,-2.911409,4.572889,12.15631,-30.81833,20.82768,69.44,1.7715,134.51,20.42,0,0,1,0,0,0,0,0,0,0,1,0,0
Nc1ccc(S(=O)(=O)O)cc1,20.32,3,2,0,1,-6.273183,-0.859333,6.132441,17.40029,-38.42176,47.36552,80.39,0.5155,114.12,18.02,0,0,0,0,0,1,0,0,0,0,1,0,0
O=C(O)c1ccsc1,19.59,2,1,0,0,-6.984313,-1.356977,1.606405,10.63053,-34.41696,47.3162,37.3,1.4463,57.12,17.54,0,1,0,0,0,0,0,0,0,0,1,0,0
O=C(O)Cc1ccsc1,20.61,2,1,1,0,-6.554043,-0.549536,1.227091,10.79467,-32.23684,47.9689,37.3,1.3752,77.02,17.54,0,1,0,0,0,0,0,0,0,0,1,0,0
O=C(O)CCc1ccsc1,18.67,2,1,2,0,-6.545251,-0.514071,1.259921,10.53704,-34.40626,47.72762,37.3,1.7653,80.71,17.54,0,1,0,0,0,0,0,0,0,0,1,0,0
O=C(O)c1ccc(I)cc1,20.7,1,1,0,1,-6.825546,-1.795642,1.385529,8.9371,-31.69972,49.95862,37.3,1.9894,57.75,19.5,0,1,0,0,0,0,0,0,0,1,0,0,0
O=C(O)c1c(F)c(F)c(I)c(F)c1F,22.02,1,1,0,1,-7.320429,-2.148348,1.400326,10.37463,-31.35743,54.30249,37.3,2.5458,80.38,19.5,0,1,0,0,0,0,0,0,0,1,0,0,0
NC(N)=O,21.2,1,2,0,0,-6.855656,1.040954,3.7649,21.6803,-45.94638,40.02697,69.11,-0.9762,70.89,20.17,0,0,1,0,0,0,0,0,0,0,1,0,0
O=C1CCC(=O)N1,23.99,2,1,0,1,-7.275316,-0.723376,1.8282,18.19151,-33.14113,40.82574,46.17,-0.577,105.08,22.59,0,0,1,0,0,0,0,0,0,0,1,0,0
N#CC(C#N)=c1ccc(=C(C#N)C#N)cc1,15.79,4,0,0,0,-7.489923,-4.976361,0,16.74081,-25.85226,34.38375,95.16,0.08232,181.2,18.83,0,0,1,0,0,0,0,0,0,1,0,0,0
N#CC(C#N)=c1cc(F)c(=C(C#N)C#N)cc1F,20.16,4,0,0,0,-7.661107,-5.197319,0,16.53239,-26.93475,34.68376,95.16,0.36052,171.46,18.83,0,0,1,0,0,0,0,0,0,1,0,0,0
N#CC(C#N)=c1c(F)c(F)c(=C(C#N)C#N)c(F)c1F,21.07,4,0,0,0,-7.787731,-5.420561,0,16.26931,-25.3451,43.80484,95.16,0.63872,160.2,18.83,0,0,1,0,0,0,0,0,0,1,0,0,0
N#CC(C#N)=c1c(F)c(C#N)c(=C(C#N)C#N)c(F)c1C#N,22.13,6,0,0,0,-8.183037,-5.823766,0,17.97737,-24.53822,49.25561,142.74,0.10388,188.95,18.83,0,0,1,0,0,0,0,0,0,1,0,0,0
O=C(O)c1cc(-c2ccc(N(c3ccccc3)c3ccccc3)cc2)cc(-c2ccc(N(c3ccccc3)c3ccccc3)cc2)c1,22.25,3,1,0,1,-5.185823,-1.517599,2.353364,7.29921,-35.26154,46.14205,43.78,11.6584,143.78,19.38,0,1,0,0,0,0,0,0,0,1,0,0,0
O=P(O)(O)Cc1ccccc1,17.8,1,2,1,1,-6.743791,-0.420226,1.268934,13.34644,-42.57693,49.34049,57.53,1.3643,100.72,15.63,0,0,0,1,0,0,0,0,0,1,0,0,0
Nc1ncnc2[nH]cnc12,18.96,4,2,0,0,-6.031738,-0.606704,2.367453,15.19849,-35.18947,47.32333,80.48,-0.0649,89.78,16.76,0,0,1,0,0,0,0,0,0,1,0,0,0
CO[Si](CCCNC(N)=O)(OC)OC,18.41,4,2,3,0,-6.61558,1.124162,3.086039,11.22945,-44.87121,39.55943,82.81,-0.0771,100.3,16.44,0,0,0,0,0,0,0,1,0,0,1,0,0
O=P(Cl)(c1ccccc1)c1ccccc1,21.357,1,0,0,1,-7.265667,-1.374597,4.580704,10.6675,-45.59037,18.66194,17.07,3.1543,113.64,18.976,0,0,0,0,1,0,0,0,0,0,1,0,0
O=C(O)c1cc(Cl)c(C(=O)O)cc1Cl,23.25,2,2,0,0,-7.092615,-2.619402,0.119218,10.14579,-28.14337,52.52475,74.6,2.3898,70.56,19.8,0,1,0,0,0,0,0,0,0,0,1,0,0
O=C(O)CCP(=O)(O)c1ccccc1,17.78,2,2,2,0,-7.072671,-0.900727,3.984503,13.42302,-50.17024,55.80617,74.6,1.057,128.31,16.33,0,0,0,1,0,0,0,0,0,0,1,0,0
N[C@@H](CCC(=O)N[C@@H](CS)C(=O)NCC(=O)O)C(=O)O,21.66,6,6,1,0,-6.538676,-0.436099,3.268158,13.56377,-41.88259,56.54862,158.82,-2.2061,172.32,19.47,0,1,0,0,0,0,0,0,0,0,1,0,0
NS(=O)(=O)O,20.41,2,2,0,1,-8.324041,0.418538,3.438028,21.33645,-32.70327,56.28012,80.39,-1.2521,76.99,18.22,0,0,0,0,0,1,0,0,0,0,1,0,0
NCS(=O)(=O)O,19.62,3,2,1,1,-7.862175,0.416342,6.024559,23.7172,-37.45001,46.51481,80.39,-1.2096,106.97,18.22,0,0,0,0,0,1,0,0,0,0,1,0,0
NCCS(=O)(=O)O,19.22,3,2,2,1,-6.965249,0.621689,4.217277,19.04274,-34.8212,54.5529,80.39,-1.1671,108.55,18.22,0,0,0,0,0,1,0,0,0,0,1,0,0
NCCCS(=O)(=O)O,18.84,3,2,3,1,-6.732921,0.705254,2.499595,17.76312,-34.47921,54.28596,80.39,-0.777,130.18,18.22,0,0,0,0,0,1,0,0,0,0,1,0,0
CCCCN,18.9,1,1,4,1,-6.255163,1.438441,1.281546,7.10441,-40.0448,21.3925,26.02,0.7452,28.36,14.24,0,0,1,0,0,0,0,0,0,1,0,0,0
NC(=O)N=NC(N)=O,22.52,2,2,0,0,-6.439721,-2.760254,0,20.15963,-42.30942,42.36681,110.9,-0.404,96.87,20.82,0,0,1,0,0,0,0,0,0,0,0,1,0
O=P(O)(O)O[C@H]1[C@H](OP(=O)(O)O)[C@@H](OP(=O)(O)O)[C@H](OP(=O)(O)O)[C@@H](OP(=O)(O)O)[C@H]1OP(=O)(O)O,21.82,12,12,0,0,-8.067382,-0.331129,1.50051,16.92165,-41.60797,67.77043,400.56,-3.1326,268.18,19.66,0,0,0,1,0,0,0,0,0,0,1,0,0
O=C(O)c1cc(S(=O)(=O)F)cc(S(=O)(=O)F)c1,24.26,5,1,0,1,-8.815629,-3.130682,4.209032,14.82922,-22.58323,63.41105,105.58,0.7012,155.83,22.28,0,0,0,0,0,1,0,0,0,0,1,0,0
C1CN2CCN1CC2,23.6,2,0,0,1,-5.04283,1.164414,0.001676,7.9577,-33.91135,11.19322,6.48,-0.3824,21.09,20.5,0,0,1,0,0,0,0,0,0,0,1,0,0
NCCCCCCO,23.58,2,2,6,1,-6.303698,1.313198,1.346415,10.43894,-39.06901,39.99254,46.25,0.4978,61.14,21.3,0,0,1,0,0,0,0,0,0,0,1,0,0
O=C(O)c1cc(-c2cc(C(=O)O)c3ccccc3n2)nc2ccccc12,20.5,4,2,0,0,-6.474197,-2.686245,1.9192,10.02886,-49.34277,52.39683,100.38,3.8464,114.69,19.73,0,1,0,0,0,0,0,0,0,0,1,0,0
O=C1[C@H]2C[C@@H]3C[C@@H](C[C@H]1C3)C2,21.67,1,0,0,1,-6.370584,-0.33125,3.1398,9.56221,-38.53985,11.53632,17.07,2.0116,44.66,20.95,0,0,1,0,0,0,0,0,0,0,1,0,0
O=C(O)C12C[C@H]3C[C@@H](C1)C[C@@H](C2)C3,22.01,1,1,0,1,-7.308692,0.234449,1.666657,7.50487,-35.90573,45.81512,37.3,2.2874,33.32,20.95,0,1,0,0,0,0,0,0,0,0,1,0,0
O=C(O)CC12C[C@H]3C[C@@H](C1)C[C@@H](C2)C3,22.83,1,1,1,1,-7.368053,0.084665,1.503902,7.29029,-35.52558,45.63442,37.3,2.6775,37.15,20.95,0,1,0,0,0,0,0,0,0,0,1,0,0
N=C(N)S(=O)O,24.1,2,3,0,0,-6.80861,-0.780968,1.49611,18.78751,-36.55656,51.3989,87.17,-0.89843,86.38,22.1,0,0,0,0,0,1,0,0,0,0,1,0,0
CN(CC(=O)O)C(=N)N,20.8,2,3,1,0,-5.993707,-0.090177,4.015145,16.89833,-45.5247,50.27925,90.41,-1.10373,119.91,20,0,1,0,0,0,0,0,0,0,0,1,0,0
N[C@@H](CC(=O)O)C(=O)O,22.63,3,3,1,0,-6.470152,-0.239265,3.046005,15.66967,-39.0273,52.19933,100.62,-1.127,103.07,20.02,0,1,0,0,0,0,0,0,0,0,1,0,0
O=P(O)(O)CCCCn1c2ccccc2c2ccccc21,19.5,2,2,4,1,-5.596679,-0.984315,1.994787,11.73293,-40.67787,50.91942,62.46,3.7524,173.62,18.87,0,0,0,1,0,0,0,0,0,1,0,0,0
O=P(O)(O)CCCCn1c2ccc3ccccc3c2c2c3ccccc3ccc21,20.19,2,2,4,1,-5.336094,-1.465168,2.757104,11.50925,-39.91065,51.69599,62.46,6.0588,222.72,18.87,0,0,0,1,0,0,0,0,0,1,0,0,0
N[C@@H](Cc1ccc(O)cc1)C(=O)O,22.17,3,3,1,0,-6.08046,-0.397062,2.504814,12.20302,-34.17815,51.65284,83.55,0.3466,100.38,20.21,0,1,0,0,0,0,0,0,0,0,1,0,0
CC(=O)O,20.56,1,1,1,1,-7.612527,0.186782,1.616893,14.28336,-35.23395,46.57719,37.3,0.0909,56.08,18.84,0,1,0,0,0,0,0,0,0,0,1,0,0
N[C@@H](Cc1ccc(F)cc1)C(=O)O,21.91,2,2,1,0,-6.64692,-0.652913,2.279892,10.7669,-31.95421,50.42976,63.32,0.7801,97.06,19.51,0,1,0,0,0,0,0,0,0,0,1,0,0
N[C@@H](Cc1ccccc1)C(=O)O,21.16,2,2,1,0,-6.611366,-0.360252,2.238454,10.36228,-33.45076,49.0119,63.32,0.641,84.03,19.51,0,1,0,0,0,0,0,0,0,0,1,0,0
C[C@H](N)C(=O)O,20.6,2,2,1,0,-6.628331,0.057214,2.349416,13.35611,-34.75977,47.80752,63.32,-0.5818,69.17,19.51,0,1,0,0,0,0,0,0,0,0,1,0,0
N[C@@H](CS)C(=O)O,20.19,3,3,1,0,-6.524858,-0.18068,2.432912,12.71824,-31.03815,51.29339,63.32,-0.6719,82.92,17.85,0,1,0,0,0,0,0,0,0,0,1,0,0
O=S(=O)(O)CCN1CCN(CCO)CC1,20.22,5,2,2,1,-6.131477,0.647078,4.361105,13.55154,-34.85902,53.72085,81.08,-1.5159,156.36,18.43,0,0,0,0,0,1,0,0,0,0,1,0,0
COc1cc(O)c(C(=O)c2ccccc2)cc1S(=O)(=O)O,23.42,5,2,0,0,-6.873256,-2.39629,3.281779,13.73656,-37.06058,45.59662,100.9,1.8785,168.93,21.75,0,0,0,0,0,1,0,0,0,0,1,0,0
Fc1ccc(S)cc1,23.09,1,1,0,1,-6.029021,-0.733999,1.181012,9.19824,-15.5758,28.52779,0,2.1144,62.91,21.29,0,0,0,0,0,0,1,0,0,0,1,0,0
O=C(O)CCCCCCCCCCN1C(=O)C=CC1=O,20.94,3,1,10,1,-7.460739,-2.777502,2.25814,10.4531,-35.84653,46.07665,74.68,2.5069,117.55,18.88,0,1,0,0,0,0,0,0,0,0,1,0,0
c1ccc2[nH]ccc2c1,21.76,0,1,0,0,-5.649514,-0.386105,2.263912,10.93566,-21.34253,44.39048,15.79,2.1679,72.78,20.58,0,0,1,0,0,0,0,0,0,0,1,0,0
Clc1ccc2[nH]ccc2c1,22.47,0,1,0,0,-5.892001,-0.696895,4.007522,11.92065,-17.5834,48.01478,15.79,2.8213,98.42,20.58,0,0,1,0,0,0,0,0,0,0,1,0,0
O=C(O)CC(O)(CC(=O)O)C(=O)O,23.1,4,4,2,0,-7.733736,-0.29774,2.844996,16.93823,-36.50146,49.66623,132.13,-1.2485,133.31,21.1,0,1,0,0,0,0,0,0,0,0,1,0,0
O=C(O)CCc1ccc(O)c(O)c1,20.51,3,3,2,0,-5.732439,-0.195954,1.198115,12.62014,-32.91709,56.0488,77.76,1.115,106.38,19.21,0,1,0,0,0,0,0,0,0,0,1,0,0
N[C@@H](Cc1ccc(O)c(O)c1)C(=O)O,21.46,4,4,1,0,-5.691817,-0.141187,2.138637,14.33117,-40.14988,49.95223,103.78,0.0522,123.91,19.21,0,1,0,0,0,0,0,0,0,0,1,0,0
Nc1ccc2c(c1)sc1c3ccccc3sc21,21.53,3,1,0,0,-5.199594,-1.14978,2.782927,10.47704,-20.65609,37.63544,26.02,4.8514,134.85,19.91,0,0,1,0,0,0,0,0,0,0,1,0,0
C1N2CN3CN1CN(C2)C3,22.37,4,0,0,1,-5.989212,1.216593,0.0049,9.23527,-29.31415,13.71016,12.96,-1.0198,62.72,20.7,0,0,1,0,0,0,0,0,0,0,1,0,0
OB(O)c1cc(F)cc(F)c1,22.36,2,2,0,1,-6.72655,-1.088617,4.265369,12.42975,-18.26319,62.06059,40.46,-0.3554,74.04,20.38,1,0,0,0,0,0,0,0,0,0,1,0,0
OB(O)O,21.4,3,3,0,1,-8.612776,1.092851,0.000762,15.21833,-24.53259,42.00198,60.69,-2.0518,54.33,18.71,1,0,0,0,0,0,0,0,0,1,0,0,0
c1ccc2c(c1)OB(B1Oc3ccccc3O1)O2,22.04,4,0,0,1,-6.510195,-1.487381,0.0001,8.49428,-24.59077,16.41784,36.92,1.984,97.65,20.71,1,0,0,0,0,0,0,0,0,0,1,0,0
NCCP(=O)(O)O,18.48,2,3,2,1,-6.587525,0.789655,2.335789,16.0702,-44.21184,49.48207,83.55,-0.8772,90.85,15.61,0,0,0,1,0,0,0,0,0,0,1,0,0
COc1cc(CNC(=O)CCCC/C=C/C(C)C)ccc1O,22.24,3,2,0,0,-5.671837,-0.089848,2.066485,8.31109,-39.23055,38.82457,58.56,3.7896,111.77,20.34,0,0,1,0,0,0,0,0,0,0,1,0,0
N=C(N)SCCCS(=O)(=O)O,22.52,4,3,3,0,-6.541418,0.035274,5.012355,17.12796,-36.9189,56.52112,104.24,-0.10903,145.97,20.49,0,0,0,0,0,1,0,0,0,0,1,0,0
CP(=O)(c1ccccc1)c1ccccc1,20.1,1,0,0,1,-7.026015,-1.134394,3.850693,10.64378,-50.11809,26.7244,17.07,2.6303,106,18.94,0,0,0,0,1,0,0,0,0,0,1,0,0
O=[PH](c1ccccc1)c1ccccc1,22.14,1,0,0,1,-7.167873,-1.218544,4.074545,10.6515,-49.03643,22.45423,17.07,2.1971,96.47,18.94,0,0,0,0,1,0,0,0,0,0,1,0,0
O=C(O)c1ccsc1Br,21.12,2,1,0,0,-6.73618,-1.609666,1.049336,9.36161,-32.65351,48.17398,37.3,2.2088,55.92,19.12,0,1,0,0,0,0,0,0,0,0,1,0,0
O=C(O)c1ccc(F)cn1,22.82,2,1,0,0,-7.556743,-1.84498,3.304745,13.62646,-48.30219,49.43371,50.19,0.9189,73.5,20.55,0,1,0,0,0,0,0,0,0,0,1,0,0
O=C(O)c1cc(Br)cc(Br)c1,22.27,1,1,0,1,-7.083299,-2.043833,1.447382,7.69213,-29.29715,53.09679,37.3,2.9098,48.69,19.19,0,1,0,0,0,0,0,0,0,0,1,0,0
NC(N)=S,24.42,1,2,0,0,-5.381006,0.113695,4.8842,22.47306,-31.29651,48.24131,52.04,-0.8113,87.45,22.4,0,0,1,0,0,0,0,0,0,0,1,0,0
